nlc_id,match_type,match_by,Flocknote ID,First Name,Last Name,Confirmation Number,"Gender Identity, Homosexuality, and Same Sex Attraction Dialogue",Contraception/IVF/Abortion Dialogue,Immigration Dialogue,Signed Up Date
nlc_5926f7f983b4,exact_match,name,F-P9NK5C,Pura,Abadejos,X96N6,,,X,2026-02-08 04:07 am
nlc_ab1b2ba021fd,exact_match,name,F-N2VZ7L,Dylyn,Abella,L5CV7,X,,,2026-02-05 07:10 pm
nlc_09d58ed2c463,exact_match,name,F-G4TX3G,Joanna,Ablaza,J25H8,,,X,2026-02-05 09:24 pm
nlc_2212a8322395,exact_match,name,F-N9XH3Z,Melvin,Ablaza,J46W6,X,,,2026-02-05 07:13 pm
nlc_e6a68626aa7e,exact_match,name,F-G8TK7M,Duane,Absuelo,T37M4,X,,,2026-02-09 05:35 pm
nlc_2c877ac58dce,exact_match,name,F-W9PF8K,VIVIENNE,ABSUELO,D5VL8,X,,,2026-02-09 06:20 pm
nlc_f13acc28e4b3,exact_match,name,F-Q3QM7P,Norma,Acebo,Z72V2,X,,,2026-01-26 01:27 pm
nlc_d43b2f9ed4f9,exact_match,name,F-F3JH2F,Pamela,Acebo,M5XV2,,,X,2026-02-10 11:37 pm
nlc_e6ec2da492a6,exact_match,name,F-H75G39,Steven,Acebo,M5XV2,,,X,2026-02-10 11:37 pm
nlc_5e024e432309,exact_match,name,F-P58F7N,Nilo,Alazas,G7CS2,X,,,2026-02-17 09:02 am
nlc_859e65c3f5e3,exact_match,name,F-Q4KG2R,Raul,Alcaraz,X8GG8,X,,,2026-01-26 04:07 pm
nlc_4360b21d37ff,exact_match,name,F-N2DQ43,ALEX,ALGARME,F8ZT9,,X,,2026-01-29 06:39 pm
nlc_d66ca3e5fde5,exact_match,name,,Enely,Algarme,F8ZT9,,X,,2026-01-29 06:39 pm
nlc_2db568bc97a6,exact_match,name,F-T5WS83,DODJIE,ALLAREY,V28S9,,,X,2026-02-14 06:55 pm
nlc_463908e2f5b0,exact_match,name,F-N7HZ8K,Judy,Allarey,R84R5,,,X,2026-02-16 07:19 am
nlc_f82adac1b306,exact_match,name,F-P8ZD8P,helen,ancheta,M35C7,X,,,2026-02-05 07:33 pm
nlc_39d7dc350eec,exact_match,name,F-X6RV95,vernon,ancheta,F76W3,,,X,2026-02-14 07:43 am
nlc_034fee7ba0c5,exact_match,name,F-Z9VK3K,ALDEN,ARCOS,L9KW4,,,X,2026-02-08 07:46 pm
nlc_9f1f286c6b48,exact_match,name,F-S3WQ73,Lilian,Austria,W95V9,,X,,2026-02-05 07:13 pm
nlc_0f516f01cbc1,exact_match,name,F-H6CB5K,JOSEPHINE,Baisac,V46N8,X,,,2026-01-26 08:40 am
nlc_e89d6d394b12,exact_match,name,F-G2ZP3S,Jerry,Balansag,Q78K6,X,,,2026-02-14 05:05 pm
nlc_121e7c91a67d,exact_match,name,F-M36Q79,Michelle,Balansag,B7WC4,,,X,2026-02-14 05:00 pm
nlc_2f740be488dd,exact_match,name,F-F3HM3R,Joy,Banasan,J2PD4,X,,,2026-02-05 07:09 pm
nlc_71ad212572d6,exact_match,name,F-D64X6X,PIDZ,BANASAN,X48F4,,,X,2026-02-07 09:51 pm
nlc_565d240f5343,exact_match,name,,thpob77@gmail.com,,B76W4,,,X,2026-02-06 10:23 pm
nlc_98e80b7604ce,exact_match,name,F-X3DN89,Arthur,Barlaan,N5RK8,,X,,2026-02-04 07:57 pm
nlc_588243224bda,exact_match,name,F-W3BJ8P,Joy,Barlaan,G2TZ5,X,,,2026-02-04 08:00 pm
nlc_d1ef9f5ba94d,exact_match,name,F-V2WL36,Chay,Barrios,W57D5,X,,,2026-02-08 10:13 am
nlc_d7ab8231122a,exact_match,name,F-R79L79,Orlando,Batongbakal,B7BR5,,,X,2026-02-06 03:37 am
nlc_f2d383817aa3,exact_match,name,F-F6KC4F,Arnel,Bautista,R69H4,X,,,2026-02-06 11:08 am
nlc_f2dd3c141e67,exact_match,name,,Joy,Bautista,R69H4,X,,,2026-02-06 11:08 am
nlc_90a62c02a29c,exact_match,name,F-D46N4D,Imelda,Beltran,S9ZT5,,X,,2026-02-05 08:14 pm
nlc_5d7b7acb182e,exact_match,name,F-J38R9K,Mike,Bermudo,X8RG5,X,,,2026-01-26 10:42 am
nlc_6471b52eb458,exact_match,name,,Ayrah,Bermudo,X8RG5,X,,,2026-01-26 10:42 am
nlc_bc70c297ca36,exact_match,name,F-Q3HR2F,Neldred,Bracamonte,S5CW4,,X,,2026-02-05 08:19 pm
nlc_2ad8e4fb06a7,exact_match,name,F-T5RL7R,Val,Bracamonte,P2ZX6,,,X,2026-02-15 04:30 pm
nlc_baca07483e40,exact_match,name,F-T2WZ4W,Lorraine,Buhay,P9XZ9,X,,,2026-02-14 05:05 pm
nlc_ee909c455df1,exact_match,name,F-V4QS98,Shirley,Cabrera,R8SJ5,X,,,2026-01-26 05:55 pm
nlc_bd00ba091a3d,exact_match,name,F-B4PG7C,LUCIA,CACHERO,V6BW9,X,,,2026-02-09 08:54 am
nlc_7bad7e9b1e7e,exact_match,name,F-J4VR85,Marlon,Cadag,F92R6,X,,,2026-02-14 08:31 pm
nlc_1810e9a24f32,exact_match,name,F-S8RP6R,Alexander,Calago,S5ST6,,,X,2026-02-12 03:57 am
nlc_404418fdfd36,exact_match,name,F-Q7BV5K,EVELYN,CALINGO,T97B5,,X,,2026-02-07 10:28 pm
nlc_b8ba7510cd41,exact_match,name,F-Q53C8P,EDITH,CAMPOS,N4MM4,,,X,2026-02-14 08:33 am
nlc_e42083909480,exact_match,name,F-G58K89,Leo,Campos,N4MM4,,,X,2026-02-14 08:33 am
nlc_24db5868ce79,exact_match,name,F-N7GD6T,Charles,Cape,T8XH7,X,,,2026-02-13 02:29 am
nlc_6f02019c540f,possible_match,last_name_only (only one in NLC),F-H4CV3J,Arlyn,Capinpin,Z9KC6,X,,,2026-02-10 07:27 pm
nlc_6f02019c540f,possible_match,last_name_only (only one in NLC),F-M8PF9L,Cocoy,Capinpin,H5VP6,X,,,2026-02-10 07:27 pm
nlc_d544f4e4b04e,exact_match,name,F-T2QJ95,Judith,Celemen,N5ML6,,,X,2026-02-13 02:46 pm
nlc_1b8b385abcc0,exact_match,name,F-K9TT88,Nemie,Celemen,Q5QW5,,,X,2026-02-13 02:46 pm
nlc_e16487cd2bd7,exact_match,name,F-D8ZP9D,Evangeline,Cheng,V2HB8,,,X,2026-01-26 09:03 am
nlc_2a0f65a0f1a4,exact_match,name,F-F8DH5C,Ruby,Chunsim,Z48Z3,,X,,2026-01-27 02:18 am
nlc_bd2ef00a8744,exact_match,name,F-L62T2Q,Pedro,Coronel,L2CW3,X,,,2026-02-14 11:01 am
nlc_6322e5d2e5a2,exact_match,name,F-N5RP8F,Rebecca,Coronel,T5ZG7,X,,,2026-02-11 08:07 pm
nlc_c72c5c0003a2,exact_match,name,F-H53H8L,Chie,Corook,F7HX2,,X,,2026-02-02 06:49 pm
nlc_332528c2bf6e,exact_match,name,F-Q8WG7L,Joey,Corook,T84B2,,X,,2026-02-02 06:52 pm
nlc_5191cf445417,possible_match,last_name_only (only one in NLC),F-X5KR29,CORAZON,Corpuz,D8PX9,X,,,2026-02-15 07:32 pm
nlc_3b596b4cee5f,exact_match,name,F-Z82P37,EMER,DACAYANAN,P2WR3,X,,,2026-02-10 06:06 pm
nlc_d00b08326737,exact_match,name,F-P8TX5Z,FATIMA,DE CASTRO,D3PH6,X,,,2026-02-05 08:14 pm
nlc_673f09a698de,exact_match,name,F-K7PB5N,EUGENE,DE LEON,T34Z2,X,,,2026-02-17 11:57 am
nlc_b2ab541dd909,exact_match,name,F-C4JJ62,Alice,De Loyola,G2ZB9,,,X,2026-02-17 09:54 am
nlc_cff891dd312b,exact_match,name,F-D8DZ2K,Edgar,De Loyola,T96N5,X,,,2026-02-17 09:58 am
nlc_3c20a965d612,exact_match,name,F-P9PW85,NORMA,Del Carmen,C9GR4,,,X,2026-02-16 09:19 pm
nlc_85b76a1c291e,exact_match,name,F-H9RX24,Nodi,Dizon,X78H4,X,,,2026-02-17 01:58 pm
nlc_8b7452ff2255,exact_match,name,F-K5RW29,Terry,Dizon,D6MR9,,,X,2026-02-07 09:43 pm
nlc_f1a10cfabe8e,exact_match,name,F-W58F77,Ma Teresa,Ebrada,X65F4,,,X,2026-02-06 08:47 am
nlc_aa78da40a889,exact_match,name,,Melgar,Ebrada,X65F4,,,X,2026-02-06 08:47 am
nlc_c4974e35fdbc,exact_match,name,F-T7WS2T,Ghetto,Empleo,K3XF8,X,,,2026-02-10 09:21 am
nlc_52628d3b63de,exact_match,name,F-R5KK77,Myrah,Empleo,K3XF8,X,,,2026-02-10 09:21 am
nlc_a0b12067dae1,exact_match,name,F-X7WT48,Persie,Escueta,S6ZQ3,X,,,2026-01-28 06:56 pm
nlc_ecaa099ef437,exact_match,name,F-V4SS3N,ABET,ESPANOLA,B3VH9,,,X,2026-02-07 08:23 am
nlc_3dde49ede781,exact_match,name,F-J3TP7B,Rhose,Espanola,S8ZR9,X,,,2026-02-15 10:40 pm
nlc_cb127d0c25e6,exact_match,name,F-V2GN22,Carlina,Estrera,H7ML5,X,,,2026-02-09 12:15 am
nlc_23227fd9768c,exact_match,name,F-R64V9S,ANNE,FAUSTINO,D92Z5,,X,,2026-02-06 11:48 am
nlc_f1bfede0ae1f,exact_match,name,F-N8GX8R,Don,Fernandez,M9QG9,X,,,2026-02-06 11:58 am
nlc_8d12046c741d,exact_match,name,,Phoebe,Fernandez,M9QG9,X,,,2026-02-06 11:58 am
nlc_6e5a24c691dd,exact_match,name,F-D63V7J,Socchie,Fondevilla,P7CT8,,X,,2026-01-27 06:01 pm
nlc_d81a699fedc8,exact_match,name,F-Z7KM9J,Carlos,Garcia,W9DJ6,,,X,2026-02-17 07:05 pm
nlc_581585ff7f09,exact_match,name,F-W6VD5N,Julie,Garcia,V8CM8,,,X,2026-02-11 09:37 pm
nlc_43a405625d50,exact_match,name,F-X4WP2Z,MILA,Gayao,Z56M5,,,X,2026-01-26 09:03 am
nlc_1605edebc103,exact_match,name,F-J7BL54,Adela,Gianan,D3RJ8,,X,,2026-01-26 11:42 am
nlc_d2c46023a641,exact_match,name,F-F3CV6K,Madel,Gonda,C3KH6,,X,,2026-02-05 08:12 pm
nlc_7da0fd957a98,exact_match,name,F-W96R5Q,Ismael,Guanzon,D45L8,,,X,2026-02-06 08:17 am
nlc_43a51fa872a4,exact_match,name,,Dorcy,Guanzon,D45L8,,,X,2026-02-06 08:17 am
nlc_ffb5379a6e9e,exact_match,name,F-X9ZL27,Marivic,Guiao,Z65N5,,X,,2026-02-05 08:42 pm
nlc_31f3b9d33b3e,exact_match,name,,Deo,Guiao,Z65N5,,X,,2026-02-05 08:42 pm
nlc_bea30912b420,exact_match,name,F-J5ZC2S,David,Guirao,P6SK3,,X,,2026-02-08 04:20 am
nlc_4dc8da1f4b2a,exact_match,name,F-H5MP9V,Buddy,Halili,F2CV3,,,X,2026-02-16 11:17 am
nlc_df6d6d95b0b9,exact_match,name,F-V36C93,Leah,Hamoy,R25H3,,,X,2026-02-11 07:01 pm
nlc_9358fddaf499,exact_match,name,F-H7VS8X,Errol,Hingco,Q5BS6,,X,,2026-02-14 12:39 am
nlc_76a0a8c8a4f1,exact_match,name,F-H7DK9D,Lyzette,Hingco,Q5BS6,,X,,2026-02-14 12:39 am
nlc_1d8dd1f838da,exact_match,name,,Iris,Lacson,P7PQ4,X,,,2026-01-27 06:58 pm
nlc_4f7717388111,exact_match,name,F-G8PP5N,Jundy,Lacuata,K5WR9,X,,,2026-01-26 09:38 am
nlc_4ef31a35d55f,exact_match,name,,Anne,Lacuata,K5WR9,X,,,2026-01-26 09:38 am
nlc_dfdb6fbcff69,exact_match,name,F-X8TC99,Maxwell,Ladion,B6GP9,X,,,2026-02-17 07:28 am
nlc_49d9014c1352,exact_match,name,F-B8PS6D,Teresa,Ladion,N92Z8,,X,,2026-02-17 07:28 am
nlc_0fd9ca412b1a,exact_match,name,F-N5DN4J,Ching,Lagarde,N4VQ4,,X,,2026-02-11 07:36 pm
nlc_d728075ea193,exact_match,name,F-Z9LJ83,Richard,Lao,M8TB5,X,,,2026-01-26 10:43 am
nlc_3c61b1ee1040,exact_match,name,,Ellen,Lao,M8TB5,X,,,2026-01-26 10:43 am
nlc_8d6bd0c321e8,exact_match,name,F-Q3DZ5J,Beth,Laqui,D4XX4,X,,,2026-01-27 09:51 am
nlc_90c57b21ddfc,exact_match,name,F-B87J4J,Marifi,Lim,Z5JF4,,X,,2026-02-03 12:05 am
nlc_6c0b66be0e79,exact_match,name,F-Z6XX5F,Edwin,Limbo,S3QL8,X,,,2026-02-16 12:27 am
nlc_588509404cc7,exact_match,name,F-X56S8C,Stella,Limson,H99W4,,,X,2026-02-05 07:40 pm
nlc_a9051e1fe5a2,exact_match,name,F-R3LC46,Vic,Lladoc,Q6TM4,,,X,2026-02-05 08:28 pm
nlc_d5a8d47ff77c,exact_match,name,F-X3GD7N,Ed,Lucero,Q2CV8,,X,,2026-02-10 06:20 am
nlc_d467211765d2,exact_match,name,,Ann,Lucero,Q2CV8,,X,,2026-02-10 06:20 am
nlc_6e5542c31775,possible_match,last_name_only (only one in NLC),F-Z9SN68,Luchie,Lumacang,J5WZ4,,,X,2026-01-26 11:59 am
nlc_d814c857729b,exact_match,name,,Elizabeth,Magat,D3KC2,X,,,2026-02-06 04:49 pm
nlc_1d22e917b40e,exact_match,name,F-H2PW7M,Rongie,Magdangal,N2MB7,,,X,2026-02-05 09:55 pm
nlc_7957ab9bef45,exact_match,name,F-B3GK5P,Winnie,Magdangal,P36B4,X,,,2026-02-05 09:52 pm
nlc_ac2f31c864a1,exact_match,name,F-H4PQ37,LAUREL,MALIBIRAN,J7VF2,X,,,2026-01-26 04:04 pm
nlc_67372729988d,exact_match,name,F-K44P27,ELIZABETH,Malinao,T5JN8,X,,,2026-02-12 08:27 pm
nlc_f078eb88dd1c,exact_match,name,F-P4JD8V,Boyet,Mangaliman,H9SM7,,,X,2026-02-08 08:58 pm
nlc_c1379994ea20,exact_match,name,,Maria,Mangaliman,H9SM7,,,X,2026-02-08 08:58 pm
nlc_9abc2f1ba339,exact_match,name,F-S3QQ38,Melanie,Marcelino,Z6KC4,X,,,2026-02-14 09:10 am
nlc_87e1922f482c,exact_match,name,F-M3VR8D,JERRY,MARIANO,P5FG3,X,,,2026-01-26 05:37 pm
nlc_e68414de45b7,exact_match,name,,MARVIE,MARIANO,P5FG3,X,,,2026-01-26 05:37 pm
nlc_ef9a35f9dae1,exact_match,name,F-H5NC53,Gloria,Martin,H4HT8,,,X,2026-02-05 07:26 pm
nlc_06fb95f45a23,exact_match,name,F-J34D5V,Alvin,Martinez,W5CK6,,,X,2026-01-26 06:32 am
nlc_649815cc0d15,possible_match,last_name_only (only one in NLC),,Mannie,Wong,W5CK6,,,X,2026-01-26 06:32 am
nlc_183f1252240d,exact_match,name,F-L3KX6T,Bel,Masinsin,F6QS4,,X,,2026-02-10 05:04 pm
nlc_9d0398edbe98,exact_match,name,F-M8QZ5B,Grace,Matundan,B92R8,X,,,2026-02-06 12:40 pm
nlc_ecdd798ae9ac,exact_match,name,F-Q8CL9C,Jerome,Matundan,G6XV5,X,,,2026-02-09 11:17 pm
nlc_a5427c3ae7a4,exact_match,name,F-T5PP79,Luigi,Maximiano,N4HR7,,,X,2026-02-09 04:20 pm
nlc_ae4e12b21693,exact_match,name,F-S4SF6L,Ma . Lourdes,Mercurio,T55Q8,,X,,2026-02-06 01:53 pm
nlc_dc1f83094446,exact_match,name,F-V5SC7G,Michael,Miranda,N52X4,,X,,2026-02-05 05:09 am
nlc_6f7e1864a8db,exact_match,name,F-N9SW2G,Cecille,Mirano,V27S8,X,,,2026-02-06 11:23 pm
nlc_fb81447a6222,exact_match,name,F-D6CF2F,Laurie,Montero,G8JX2,,,X,2026-02-05 09:09 pm
nlc_a533d6ba0d9a,exact_match,name,F-K7WT9K,Logie,Montero,S7BT9,,,X,2026-02-05 09:09 pm
nlc_a650cb2e91d9,exact_match,name,F-L74B5V,Tim,Mowery,N6XD6,X,,,2026-02-11 02:13 am
nlc_0472951967c8,exact_match,name,F-T3DQ6M,Emerita,Nalla,G7ZN7,,X,,2026-02-14 01:08 pm
nlc_edf2ab02d64c,exact_match,name,F-C4MB7B,Chito,Noriega,X6TX6,X,,,2026-02-01 06:22 am
nlc_0691a8f525a7,exact_match,name,F-X6TT4Q,Jocel,Noriega,X75L3,,,X,2026-02-14 05:02 pm
nlc_37e982e76b2f,exact_match,name,F-X6CV7V,Aileen,Oabel,N6ST8,X,,,2026-02-14 06:31 am
nlc_a79b8cdb979f,exact_match,name,F-V5WS5L,Noel,Oabel,Q88M6,X,,,2026-02-14 06:31 am
nlc_a5ef98084da7,exact_match,name,F-T55J4V,Jane,Pablico,H63Z9,X,,,2026-01-26 07:32 pm
nlc_a52514c8f21f,exact_match,name,,Samuel,Pablico,H63Z9,X,,,2026-01-26 07:32 pm
nlc_a61ff77304bf,exact_match,name,F-N2VQ4G,Oneal,Palomar,D2HF4,X,,,2026-02-06 04:15 am
nlc_53cf3909cb95,exact_match,name,F-M9CX3C,Carmela,Panadero,D77P9,,,X,2026-02-05 07:26 pm
nlc_4b1654e13215,exact_match,name,F-Z34T3H,Bobby,Pascual,M4ZM8,,,X,2026-02-11 11:53 am
nlc_e004f9f6bd09,exact_match,name,F-Q6TN7Q,Marissa,Pascual,M4ZM8,,,X,2026-02-11 11:53 am
nlc_7416c44461c5,exact_match,name,F-Q5JC6S,Mc Connell,Patayon,V5SW3,,,X,2026-02-05 08:43 pm
nlc_5b71660c430f,exact_match,name,F-T5CL6S,Joel,Patron,H9QL8,,,X,2026-01-27 12:39 am
nlc_d9c2a12c9b04,exact_match,name,F-P9ZJ4R,Lory,Patron,B85J6,X,,,2026-01-26 10:05 pm
nlc_213ed49f0609,exact_match,name,F-Q42H63,Roland,Peralta,B2RR5,X,,,2026-02-07 09:01 pm
nlc_1789b17fa2e4,exact_match,name,F-S74Z27,Joey,Pili,Q3TQ8,,,X,2026-02-05 07:40 pm
nlc_52b62ce15197,exact_match,name,F-X5VH75,RAM,PINEDA,B4ZF3,,X,,2026-02-07 10:15 pm
nlc_2a3b5c260963,exact_match,name,F-N9LX27,Dom,Posadas,X5ML2,,X,,2026-02-05 09:58 pm
nlc_f94c4d2594d0,exact_match,name,F-B4LC38,Lou,Posadas,W38S3,,,X,2026-02-05 10:02 pm
nlc_a61b044d6746,exact_match,name,F-M4NH75,Joel,Poyatos,W66L8,,,X,2026-02-10 08:13 pm
nlc_ca3a00ef439a,exact_match,name,,Rachel,Poyatos,W66L8,,,X,2026-02-10 08:13 pm
nlc_cb5dbacea0e5,exact_match,name,F-G87T9R,Greg,Ramos,R9KL4,,,X,2026-02-05 07:18 pm
nlc_affc250a235d,exact_match,name,F-R2GQ6Z,Amelyn,Remolona,R7QG2,,,X,2026-02-14 04:05 pm
nlc_f1d0835e3a0d,exact_match,name,F-V7JX5P,Wernel,Remolona,R7QG2,,,X,2026-02-14 04:05 pm
nlc_e023397c5669,exact_match,name,F-N3CX2H,Derrick,Reyes,C26P5,,,X,2026-02-11 12:59 pm
nlc_f0e4f7041b2e,exact_match,name,F-J2ML58,Lil,Reyes,G2NF2,X,,,2026-02-13 12:17 pm
nlc_ba1fbcce8a61,exact_match,name,F-G5TT3X,Hienzel,Robles,H45C4,X,,,2026-02-07 12:45 pm
nlc_bbc1bfbca0f8,exact_match,name,,Jerico,Robles,H45C4,X,,,2026-02-07 12:45 pm
nlc_817e201f6c65,exact_match,name,F-L8GB5P,Jaymie,Rodriguez,D47F9,,X,,2026-02-05 07:16 pm
nlc_e9a827cfe405,exact_match,name,F-Z4TF6W,Ruth,Rodriguez,Q42S3,X,,,2026-02-03 08:36 am
nlc_ad8f07df6b17,exact_match,name,F-S5GV44,Yvette,Rodriguez,K4QC9,,X,,2026-02-05 07:15 pm
nlc_e04e9c73153d,exact_match,name,F-L6RN4X,Loudette,Salvador,M5RX9,,X,,2026-02-05 07:10 pm
nlc_85ab58fc0eaa,exact_match,name,F-M8WG6L,Faith,San Diego,R9HP4,X,,,2026-02-08 05:43 pm
nlc_6e65c2370914,exact_match,name,F-G4SS23,Nestor,San Diego,T7PH9,X,,,2026-02-08 03:28 pm
nlc_63f54c6c99ed,exact_match,name,F-X7CM2W,Alvin,Santiago,Z4PX4,,X,,2026-01-26 02:15 pm
nlc_6cba1e68d69e,exact_match,name,,Ana,Santiago,Z4PX4,,X,,2026-01-26 02:15 pm
nlc_d047e74f9b30,exact_match,name,F-J3SR3N,Maico,Santiago,N7FR9,,,X,2026-02-06 08:07 am
nlc_14a5b5caa088,exact_match,name,,Jeff,Santiago,N7FR9,,,X,2026-02-06 08:07 am
nlc_9d90952326b5,exact_match,name,F-N3XW4S,Crislyn,Santos,H4BB3,,X,,2026-02-05 09:21 pm
nlc_befc91b4c30d,exact_match,name,F-D8RV2W,Jovie,Santos,W5DD5,,X,,2026-02-07 09:13 am
nlc_6758dd56d642,exact_match,name,,Cora,Santos,W5DD5,,X,,2026-02-07 09:13 am
nlc_ca9dc6c07097,exact_match,name,F-T7PV92,Leo,Santos,D4HZ2,X,,,2026-02-16 11:54 pm
nlc_ea8c96f69564,exact_match,name,F-M24G7V,Mayin,Santos,L8RF7,X,,,2026-02-09 05:30 pm
nlc_5b59bb9f29f8,exact_match,name,F-Z98J8H,Rodel,Santos,M38C6,,X,,2026-02-06 04:11 am
nlc_00eeab5cd9f2,exact_match,name,F-B48L97,Sherry,Serafin,G2RJ4,,X,,2026-02-05 09:04 pm
nlc_cb9fcbbe6190,exact_match,name,F-Q25W7V,Ramon,Sicam,V5XD2,,,X,2026-01-27 08:10 pm
nlc_87449ba64655,exact_match,name,F-G7GR26,Ludwig,Simpao,H9SX7,,,X,2026-02-05 09:16 pm
nlc_489860b306a7,exact_match,name,F-L79J93,Del,Sliter,Z5SS5,,X,,2026-02-16 04:49 pm
nlc_a130dc969c18,exact_match,name,F-B9LS7F,Sally,Sucgang,S2WP9,,X,,2026-02-02 06:23 pm
nlc_d117e1ff6fef,exact_match,name,F-K7KR27,DELIA,SUNEGA,L67K9,,X,,2026-01-26 01:02 pm
nlc_abbc413a8345,exact_match,name,F-W4SQ38,Romy,Tanseco,R4QR7,,,X,2026-01-28 05:49 pm
nlc_1d847c1cfe7a,exact_match,name,F-T9GJ4B,Rochelle,Tenoso,L8XT5,X,,,2026-02-05 08:11 pm
nlc_79a47e3c9abd,exact_match,name,F-S35K5T,Jane,Valenzuela,Q67J5,,,X,2026-02-06 09:44 pm
nlc_094017a101dd,exact_match,name,F-N95K89,Ruby,Vegafria,C2PZ5,,,X,2026-02-05 08:02 pm
nlc_76ebe039196a,possible_match,last_name_only (only one in NLC),F-R55R4X,Lyn,Viado,N3TD6,,,X,2026-02-15 07:54 pm
nlc_9621229792e1,exact_match,name,F-Z5JH6S,Adrian,Villamor,X9KL7,,,X,2026-02-05 07:08 pm
nlc_08038d2e0f03,exact_match,name,F-B3NV82,Feda,Villamor,H4LW7,,,X,2026-02-05 07:04 pm
nlc_8a6c17e8cc6d,exact_match,name,F-N6WV7V,Leah,Waga,S2HS2,,,X,2026-02-17 03:27 pm
nlc_649815cc0d15,exact_match,name,F-B2WN3L,Emmanuel,Wong,W5GV5,,,X,2026-02-05 08:37 pm
nlc_98ef25cf3e9d,exact_match,name,F-B7PL74,Joanne,Yamsuan,D97X3,X,,,2026-01-26 08:04 am
nlc_eb3a8eeac739,exact_match,name,F-H5WN2N,Victoria,Yap,M3SV9,X,,,2026-02-17 06:47 pm
nlc_94e92198733c,exact_match,name,F-B9DJ62,Monica,Ybuan,Z5VD5,X,,,2026-01-26 12:31 pm
nlc_2af296509656,exact_match,name,F-T2QT4G,Amia,Zaide,C8XF2,,X,,2026-01-26 11:58 am
nlc_b0474ab94d21,possible_match,possible match by lastname (only one NLC with no match),F-G6TT32,BECKY,ALAZAS,G7CS2,X,,,2026-02-17 09:02 am
nlc_ae7962e868e1,possible_match,possible match by lastname (matched to NLC with no match),F-P9GP39,Arnel Elik,ARCE,G8SD9,,,X,2026-02-14 07:33 pm
nlc_896afb4f6873,possible_match,possible match by lastname (only one NLC with no match),F-V86T74,Ed Lilian,AUSTRIA,C59P7,,,X,2026-02-05 09:11 pm
nlc_8ddccb096271,possible_match,possible match by lastname (matched to NLC with no match),F-P4MJ8Z,Pao  Jerty,BANZON,B76W4,,,X,2026-02-06 10:23 pm
nlc_ef06c2b6ac1d,possible_match,possible match by lastname (only one NLC with no match),F-Z5VH3Z,Armand,De Castro,F7WT3,X,,,2026-02-05 08:23 pm
nlc_ebaebe3ff3a6,possible_match,possible match by lastname (only one NLC with no match),F-K9WB8K,Mon,del Carmen,V8SM7,,,X,2026-02-16 09:15 pm
nlc_4cdb0161d59c,possible_match,possible match by lastname (matched to NLC with no match),F-G48Q7L,Nestor Cynthia,Dimaculangan,S32Z9,,X,,2026-02-14 06:02 pm
nlc_3570a0fe3450,possible_match,possible match by lastname (only one NLC with no match),F-W93D7Z,Rafael,Estrera,B7BC2,,,X,2026-02-07 09:52 pm
nlc_cbb0b3bdad68,possible_match,possible match by lastname (matched to NLC with no match),F-K8PT72,PINKY,FRANCISCO,H9BK6,,,X,2026-01-29 03:29 pm
nlc_48e5a3426c32,possible_match,possible match by lastname (matched to NLC with no match),F-R6SR66,EDWARD ANICETO,GONDA,B2GK3,X,,,2026-02-17 09:30 am
nlc_f2fa7b5d720e,possible_match,possible match by lastname (matched to NLC with no match),F-W99Q7G,JENNIFER,GONDA,B2GK3,X,,,2026-02-17 09:30 am
nlc_8242984f915f,possible_match,possible match by lastname (only one NLC with no match),F-Q87K2V,LEN,GUIRAO,Q8TH7,,X,,2026-01-26 12:29 pm
nlc_c9785ae16ed7,possible_match,possible match by lastname (only one NLC with no match),,Lily P.,Halili,F2CV3,,,X,2026-02-16 11:17 am
nlc_ac070f7135a9,possible_match,possible match by lastname (only one NLC with no match),F-J4MK3X,CY,HAMOY,Q3PM4,,,X,2026-02-11 07:05 pm
nlc_cd40677d30a4,possible_match,possible match by lastname (matched to NLC with no match),F-F8VT9R,Carlos Elena,JACINTO,V2RD8,,,X,2026-02-03 08:20 am
nlc_ccc1308d61aa,possible_match,possible match by lastname (matched to NLC with no match),F-C8LC98,Rey Milva,LAPITAN,J2MW4,,,X,2026-02-06 12:18 pm
nlc_594e71807c21,possible_match,possible match by lastname (only one NLC with no match),F-F5RH7L,Arnold Marifi,Lim,L24P6,X,,,2026-02-02 11:59 pm
nlc_aacf26a9e5d3,possible_match,possible match by lastname (only one NLC with no match),F-Q6PW6L,Judith,Lladoc,G5GZ4,,,X,2026-02-05 07:11 pm
nlc_b20b13e44f1a,possible_match,possible match by lastname (only one NLC with no match),F-V97M5M,ADO,MAGAT,D3KC2,X,,,2026-02-06 04:49 pm
nlc_58bb1566e206,possible_match,possible match by lastname (only one NLC with no match),F-S3XR93,Joe,Malinao,F4HS4,,,X,2026-02-12 08:41 pm
nlc_f704b69ea072,possible_match,possible match by lastname (only one NLC with no match),F-W37K2M,Manny,Marcelino,F4FS2,X,,,2026-02-14 09:11 am
nlc_763f59581653,possible_match,possible match by lastname (only one NLC with no match),F-Q54M8G,Andy,Martin,H8QF6,,,X,2026-02-05 08:20 pm
nlc_b77542abf5b7,possible_match,possible match by lastname (matched to NLC with no match),F-G6KG6D,Pabs Chat,MELGAREJO,J7VP4,,X,,2026-02-05 08:39 pm
nlc_8a51e6b39c1b,possible_match,possible match by lastname (matched to NLC with no match),F-P5TD9W,Bobbee Marivic,MELLA,B2DH9,,,X,2026-01-26 06:07 pm
nlc_a1d4603b87e4,possible_match,possible match by lastname (only one NLC with no match),,Marivic,Mella,B2DH9,,,X,2026-01-26 06:07 pm
nlc_f114063b3100,possible_match,possible match by lastname (only one NLC with no match),F-N6JZ88,Lulu,Miranda,F7GB6,,,X,2026-02-05 04:29 am
nlc_8c9ca7bd7316,possible_match,possible match by lastname (only one NLC with no match),F-B7KH9L,Charlie Cecille,MIRANO,R3ZL5,,,X,2026-02-06 01:01 pm
nlc_d71b7bfed5f6,possible_match,possible match by lastname (matched to NLC with no match),F-D6LP69,Jun Sarah,Napuli,S35V3,X,,,2026-02-15 03:07 am
nlc_168fa077188d,possible_match,possible match by lastname (matched to NLC with no match),F-S8BZ3D,Jon Joy,OLALIA,Q83T2,,,X,2026-02-09 08:59 pm
nlc_40e1504df2cd,possible_match,possible match by lastname (matched to NLC with no match),F-G35K2D,Peter Esther,ONG,P5XP9,X,,,2026-02-02 10:51 am
nlc_2232441ac5cc,possible_match,possible match by lastname (matched to NLC with no match),F-G4ZQ5Q,Joe Eleanor,Orque,D6JS3,,,X,2026-02-02 10:46 am
nlc_aa9acc2d94b6,possible_match,possible match by lastname (matched to NLC with no match),F-C9MS42,BASILIO,REYES,K2VV5,X,,,2026-02-11 08:57 am
nlc_6e5801ea5c92,possible_match,possible match by lastname (only one NLC with no match),F-L26F6F,Arturo Ruth,RODRIGUEZ,C38H8,X,,,2026-02-10 03:47 pm
nlc_0602a801f1a4,possible_match,possible match by lastname (matched to NLC with no match),F-M6PD6L,MARIA ANGELICA,SANTOS,V65G6,X,,,2026-02-16 11:52 pm
nlc_bf3d37cabb95,possible_match,possible match by lastname (matched to NLC with no match),F-Z35L9M,EMIL,SARMIENTO,P3BD2,X,,,2026-02-05 07:07 pm
nlc_f35ce0e7ca3a,possible_match,possible match by lastname (only one NLC with no match),F-R2JB78,Jeffrey,Serafin,M29B9,,X,,2026-02-05 09:05 pm
nlc_65e72052fa4e,possible_match,possible match by lastname (only one NLC with no match),F-Z9RV48,Julia,Sicam,M63R8,X,,,2026-02-07 06:14 am
nlc_674666d4a0b3,possible_match,possible match by lastname (only one NLC with no match),F-N73P47,Dave,Sliter,M56G2,X,,,2026-02-16 04:57 pm
nlc_21583da1b84a,possible_match,possible match by lastname (only one NLC with no match),F-N3SJ9X,Chips Rochells,TENOSO,B43K4,X,,,2026-02-05 06:47 pm
nlc_18b9cca6c275,possible_match,possible match by lastname (matched to NLC with no match),F-M84X76,Roy,Toledo,R7FZ4,X,,,2026-02-09 08:38 pm
nlc_f690eec74b01,possible_match,possible match by lastname (only one NLC with no match),,Addie,Toledo,R7FZ4,X,,,2026-02-09 08:38 pm
nlc_acbef354e96d,possible_match,possible match by lastname (only one NLC with no match),F-Q5TF2F,Ed Ruby,VEGAFRIA,X73W5,,,X,2026-02-01 09:34 pm
nlc_1cbd940aec65,possible_match,possible match by lastname (only one NLC with no match),F-Q8TX4L,Dino Leah,Waga,X77M4,,,X,2026-02-17 03:00 pm
nlc_73d2f73adf39,possible_match,possible match by lastname (only one NLC with no match),F-Z68T6Z,MANNY,ZAIDE,C88N2,,X,,2026-02-06 03:37 pm
nlc_09cdb62f7853,possible_match,possible match by lastname (matched to NLC with no match),,Gigi Alcaraz,,X8GG8,X,,,2026-01-26 04:07 pm
nlc_07578ac14e74,possible_match,possible match by lastname (matched to NLC with no match),,Art Gutierrez,,B3VH9,,,X,2026-02-07 08:23 am
nlc_84fe901d4ebe,possible_match,possible match by lastname (matched to NLC with no match),,Mary Ann Gutierrez,,S8ZR9,X,,,2026-02-15 10:40 pm
nlc_5d805b5abf62,possible_match,possible match by lastname (matched to NLC with no match),,Louie Fondevilla,,P7CT8,,X,,2026-01-27 06:01 pm
nlc_3dfdc4318652,possible_match,possible match by lastname (matched to NLC with no match),,Minnie Malibiran,,J7VF2,X,,,2026-01-26 04:04 pm
nlc_5b8063544964,possible_match,possible match by lastname (matched to NLC with no match),,Vicky Peralta,,B2RR5,X,,,2026-02-07 09:01 pm
nlc_1cece7cfd61b,possible_match,possible match by lastname (matched to NLC with no match),,Milva,Lapitan,J2MW4,,,X,2/6/26 12:18
nlc_a05737c02c2a,possible_match,possible match by lastname (matched to NLC with no match),F-H3DL5D,Arvie,Lacson,P7PQ4,X,,,1/27/26 18:58
nlc_e061514319f9,possible_match,possible match by lastname (matched to NLC with no match),F-V4RP8P,Inying Grace,Arcadio,T75T4,,X,,2/5/26 20:35
nlc_c6d0f15f30f6,possible_match,possible match by lastname (matched to NLC with no match),F-V3VS58,Che,De Vega,J6WP3,X,,,2/5/26 19:52
nlc_a1991acdff3f,possible_match,possible match by lastname (matched to NLC with no match),F-V67N44,Sharom,De Vega,H3HV7,X,,,2/5/26 19:50
